<?xml version="1.0" encoding="UTF-8"?>
<!DOCTYPE log4j:configuration SYSTEM "log4j.dtd">

<log4j:configuration xmlns:log4j='http://jakarta.apache.org/log4j/'>

<appender name="A1" class="org.apache.log4j.RollingFileAppender">
    <param name="File" value="/opt/products/dstar/D-STAR/WEB-INF/log/icom_web.log"/> 
    <param name="Append" value="true"/>
    <param name="ImmediateFlush" value="true"/>
    <param name="MaxFileSize" value="1MB"/>
    <param name="MaxBackupIndex" value="100"/>
    <layout class="org.apache.log4j.PatternLayout">
     <param name="ConversionPattern" value="%d [%t] %-5p %m%n"/>
    </layout>
</appender>

<appender name="SYSLOG" class="org.apache.log4j.net.SyslogAppender">
    <param name="SyslogHost" value="localhost" />
    <param name="Facility" value="local1" />
    <param name="FacilityPrinting" value="true" />
    <layout class="org.apache.log4j.PatternLayout">
     <param name="ConversionPattern" value=" [%t] %-5p %m%n"/>
    </layout>
</appender>


<category name="jp.co.icom">
  <priority value="info" />
  <appender-ref ref="SYSLOG" />
</category>

</log4j:configuration>
