<?xml version="1.0" encoding="UTF-8"?>
<!DOCTYPE struts-config PUBLIC "-//Apache Software Foundation//DTD Struts Configuration 1.2//EN" "http://struts.apache.org/dtds/struts-config_1_2.dtd">
<struts-config>
  <data-sources>
  </data-sources>
  <form-beans>

       	<!--Top Menu-->
		<form-bean
	  		name="TopMenuForm"
	  		type="jp.co.icom.dstar.form.topmenu.TopMenuForm"/>

       	<!--Register-->
	  	<form-bean
	  		name="RegisterForm"
	  		type="jp.co.icom.dstar.form.register.RegisterForm"/>

       	<!--User Information-->
		<form-bean 
     		name="UserInfoForm" 
     		type="jp.co.icom.dstar.form.user.UserInfoForm"/>

       <!--Terminal Information-->
       <form-bean 
     		name="TerminalInfoForm" 
     		type="jp.co.icom.dstar.form.terminal.TerminalInfoForm"/>

       <!--Gw Information-->
       <form-bean 
     		name="GwInfoForm" 
     		type="jp.co.icom.dstar.form.gw.GwInfoForm"/>
  
       <!--Multicast Information-->
       <form-bean 
     		name="MulticastInfoForm" 
     		type="jp.co.icom.dstar.form.multicast.MulticastInfoForm"/>

	   <!--PersonalInformation Information-->
	   <form-bean
		  	name="PersonalInfoForm"
		  	type="jp.co.icom.dstar.form.personalinfo.PersonalInfoForm"/>

	   <!--Error-->
	   <form-bean
		  	name="ErrorInfoForm"
		  	type="jp.co.icom.dstar.form.com.ErrorInfoForm"/>
  
  </form-beans>
  <global-exceptions>
		<exception key="SessionNotFoundException"
			path="/WEB-INF/pages/com/CertifiError.jsp"
			type="jp.co.icom.dstar.com.utl.SessionNotFoundException" />

		<exception key="Exception"
			path="/WEB-INF/pages/com/Error.jsp"
			type="java.lang.Exception" />
  </global-exceptions>
  <global-forwards>
  </global-forwards>
  <action-mappings>

    <!--Top Menu-->
		<action path="/Dstar"
  			type="jp.co.icom.dstar.action.topmenu.StartAction"
  			name="TopMenuForm"
  			scope="request"
  			validate="false">
  			<forward name ="TopMenu" path="/WEB-INF/pages/topmenu/TopMenu.jsp"/>
  			<forward name ="SystemError" path="/WEB-INF/pages/com/Error.jsp"/>
  		</action>
  		
  		<action path="/TopMenu"
  			type="jp.co.icom.dstar.action.topmenu.TopMenuAction"
  			name="TopMenuForm"
  			parameter="nextpage"
  			scope="request"
  			validate="true"
  			input="/WEB-INF/pages/topmenu/TopMenu.jsp">
  			<set-property property="cancellable" value="true" />
  			<forward name ="TopMenu" path="/WEB-INF/pages/topmenu/TopMenu.jsp"/>
  			<forward name ="UserInfo" path="/UserInfoInit.do"/>
  			<forward name ="Register" path="/WEB-INF/pages/register/Register.jsp"/>
  			<forward name ="SystemError" path="/WEB-INF/pages/com/Error.jsp"/>
	  </action>
	  
   	<!--Register-->
	  	<action path="/Register"
  			type="jp.co.icom.dstar.action.register.RegisterAction"
  			name="RegisterForm"
  			parameter="nextpage"
  			scope="request"
  			validate="true"
  			input="/WEB-INF/pages/register/Register.jsp">  			
  			<set-property property="cancellable" value="true" />
  			<forward name ="TopMenu" path="/WEB-INF/pages/topmenu/TopMenu.jsp"/>
  			<forward name ="Complete" path="/WEB-INF/pages/register/Complete.jsp"/>
  			<forward name ="Register" path="/WEB-INF/pages/register/Register.jsp"/>
  			<forward name ="SystemError" path="/WEB-INF/pages/com/Error.jsp"/>
  		</action>

	<!--User Information-->
	    <action path="/UserInfoInit"
          	type="jp.co.icom.dstar.action.user.UserInfoInitAction"
          	name="UserInfoForm"
          	scope="request"
          	validate="false"
          	input="/WEB-INF/pages/user/UserInfo.jsp">
     		<forward name="UserInfo" path="/WEB-INF/pages/user/UserInfo.jsp"/>
     		<forward name ="SystemError" path="/WEB-INF/pages/com/Error.jsp"/>
	    </action>

    	<action path="/UserInfo"
          	type="jp.co.icom.dstar.action.user.UserInfoAction"
          	name="UserInfoForm"
          	scope="request"
		  	parameter="nextpage"
          	validate="true"
          	input="/WEB-INF/pages/user/UserInfo.jsp">
	     	<forward name="UserInfo" path="/WEB-INF/pages/user/UserInfo.jsp"/>
  			<forward name ="SystemError" path="/WEB-INF/pages/com/Error.jsp"/>
	    </action>

	<!--Terminal Information-->
    	<action path="/TerminalInfoInit"
        	type="jp.co.icom.dstar.action.terminal.TerminalInfoInitAction"
          	name="TerminalInfoForm"
          	scope="request"
          	validate="false"
          	input="/WEB-INF/pages/terminal/TerminalInfo.jsp">
	     	<forward name="TerminalInfo" path="/WEB-INF/pages/terminal/TerminalInfo.jsp"/>
    	</action>

    	<action path="/TerminalInfo"
          	type="jp.co.icom.dstar.action.terminal.TerminalInfoAction"
          	name="TerminalInfoForm"
          	scope="request"
		  	parameter="nextpage"
          	validate="false"
          	input="/WEB-INF/pages/terminal/TerminalInfo.jsp">
    	 	<forward name="TerminalInfo" path="/WEB-INF/pages/terminal/TerminalInfo.jsp"/>
    		<forward name ="SystemError" path="/WEB-INF/pages/com/Error.jsp"/>
    	</action>

	<!--Gw Information-->
    	<action path="/GwInfoInit"
        	type="jp.co.icom.dstar.action.gw.GwInfoInitAction"
          	name="GwInfoForm"
          	scope="request"
          	validate="false"
          	input="/WEB-INF/pages/gw/GwInfo.jsp">
	     	<forward name="GwInfo" path="/WEB-INF/pages/gw/GwInfo.jsp"/>
	     	<forward name ="SystemError" path="/WEB-INF/pages/com/Error.jsp"/>
    	</action>

    	<action path="/GwInfo"
          	type="jp.co.icom.dstar.action.gw.GwInfoAction"
          	name="GwInfoForm"
          	scope="request"
		  	parameter="nextpage"
          	validate="false"
          	input="/WEB-INF/pages/gw/GwInfo.jsp">
	     	<forward name="GwInfo" path="/WEB-INF/pages/gw/GwInfo.jsp"/>
  			<forward name ="SystemError" path="/WEB-INF/pages/com/Error.jsp"/>
    	</action>

	<!--Multicast Information-->
    	<action path="/MulticastInfoInit"
        	type="jp.co.icom.dstar.action.multicast.MulticastInfoInitAction"
          	name="MulticastInfoForm"
          	scope="request"
          	validate="false"
          	input="/WEB-INF/pages/multicast/MulticastInfo.jsp">
	     	<forward name="MulticastInfo" path="/WEB-INF/pages/multicast/MulticastInfo.jsp"/>
  			<forward name ="SystemError" path="/WEB-INF/pages/com/Error.jsp"/>
    	</action>

    	<action path="/MulticastInfo"
          	type="jp.co.icom.dstar.action.multicast.MulticastInfoAction"
          	name="MulticastInfoForm"
          	scope="request"
		  	parameter="nextpage"
          	validate="false"
          	input="/WEB-INF/pages/multi/MulticastInfo.jsp">
	     	<forward name="MulticastInfo" path="/WEB-INF/pages/multicast/MulticastInfo.jsp"/>
  			<forward name ="SystemError" path="/WEB-INF/pages/com/Error.jsp"/>
    	</action>
    	
    <!--Personal Information-->
    	<action path="/PersonalInfoInit"
  			type="jp.co.icom.dstar.action.personalinfo.PersonalInfoInitAction"
  			name="PersonalInfoForm"
  			scope="request"
  			validate="false"
  			input="/WEB-INF/pages/personalinfo/PersonalInfo.jsp">  			
	  		<set-property property="cancellable" value="true" />
	  		<forward name ="PersonalInfo" path="/WEB-INF/pages/personalinfo/PersonalInfo.jsp"/>
	  		<forward name ="Logout" path="/WEB-INF/pages/topmenu/TopMenu.jsp"/>
	  		<forward name ="SystemError" path="/WEB-INF/pages/com/Error.jsp"/>
		</action>
			
		<action path="/PersonalInfo"
			type="jp.co.icom.dstar.action.personalinfo.PersonalInfoAction"
			name="PersonalInfoForm"
			scope="request"
			parameter="nextpage"
			validate="true"
			input="/WEB-INF/pages/personalinfo/PersonalInfo.jsp">  			
			<set-property property="cancellable" value="true" />
			<forward name ="PersonalInfo" path="/WEB-INF/pages/personalinfo/PersonalInfo.jsp"/>
			<forward name ="Logout" path="/WEB-INF/pages/topmenu/TopMenu.jsp"/>
			<forward name ="SystemError" path="/WEB-INF/pages/com/Error.jsp"/>
		</action>

	<!--LogOut-->
		<action path="/LogoutAction"
  			type="jp.co.icom.dstar.action.logout.LogOutAction"
  			name="TopMenuForm"
  			scope="request"
  			validate="false">
	  		<forward name ="TopMenu" path="/WEB-INF/pages/topmenu/TopMenu.jsp"/>
	  		<forward name ="SystemError" path="/WEB-INF/pages/com/Error.jsp"/>
  		</action>  

  </action-mappings>
  <controller processorClass="org.apache.struts.tiles.TilesRequestProcessor"/>
  <message-resources parameter="properties.application"/>
  <plug-in className="org.apache.struts.tiles.TilesPlugin">
    <set-property property="definitions-config" value="/WEB-INF/tiles-defs.xml"/>
    <set-property property="moduleAware" value="true"/>
  </plug-in>
  <plug-in className="org.apache.struts.validator.ValidatorPlugIn">
    <set-property property="pathnames" value="/WEB-INF/validator-rules.xml,/WEB-INF/validation.xml"/>
  </plug-in>
</struts-config>
